{"cameraMode":{"drawMode":0,"name":"Shaded","section":"Shading Mode"},"sceneLighting":false,"audioPlay":false,"sceneViewState":{"m_AlwaysRefresh":false,"showFog":true,"showSkybox":false,"showFlares":true,"showImageEffects":true,"showParticleSystems":true,"showVisualEffectGraphs":true,"m_FxEnabled":true},"in2DMode":false,"pivot":{"x":-3.1803765296936037,"y":0.4722791910171509,"z":0.9434473514556885},"rotation":{"x":-0.09175674617290497,"y":0.9052270650863648,"z":-0.25199148058891299,"w":-0.32961660623550417},"size":1.0104637145996094,"orthographic":false}