{"cameraMode":{"drawMode":0,"name":"Shaded","section":"Shading Mode"},"sceneLighting":true,"audioPlay":false,"sceneViewState":{"m_AlwaysRefresh":false,"showFog":true,"showSkybox":true,"showFlares":true,"showImageEffects":true,"showParticleSystems":true,"showVisualEffectGraphs":true,"m_FxEnabled":true},"in2DMode":false,"pivot":{"x":-0.370715856552124,"y":2.5752947330474855,"z":10.789016723632813},"rotation":{"x":-0.14717164635658265,"y":-0.46808871626853945,"z":0.07938049733638764,"w":-0.8677436113357544},"size":2.8201465606689455,"orthographic":false}