{"cameraMode":{"drawMode":0,"name":"Shaded","section":"Shading Mode"},"sceneLighting":true,"audioPlay":false,"sceneViewState":{"m_AlwaysRefresh":false,"showFog":true,"showSkybox":true,"showFlares":true,"showImageEffects":true,"showParticleSystems":true,"showVisualEffectGraphs":true,"m_FxEnabled":true},"in2DMode":false,"pivot":{"x":1.612511157989502,"y":10.38057804107666,"z":30.672195434570314},"rotation":{"x":0.0030545552726835014,"y":-0.9832816123962402,"z":0.18136470019817353,"w":0.016516312956809999},"size":6.425738334655762,"orthographic":false}