{"cameraMode":{"drawMode":0,"name":"Shaded","section":"Shading Mode"},"sceneLighting":true,"audioPlay":false,"sceneViewState":{"m_AlwaysRefresh":false,"showFog":true,"showSkybox":true,"showFlares":true,"showImageEffects":true,"showParticleSystems":true,"showVisualEffectGraphs":true,"m_FxEnabled":true},"in2DMode":false,"pivot":{"x":2.2354531288146974,"y":-0.40602660179138186,"z":6.164324760437012},"rotation":{"x":-0.23381146788597108,"y":-0.3502409756183624,"z":0.09073323756456375,"w":-0.9024838209152222},"size":4.505670547485352,"orthographic":false}