{"cameraMode":{"drawMode":0,"name":"Shaded","section":"Shading Mode"},"sceneLighting":true,"audioPlay":false,"sceneViewState":{"m_AlwaysRefresh":false,"showFog":true,"showSkybox":true,"showFlares":true,"showImageEffects":true,"showParticleSystems":true,"showVisualEffectGraphs":true,"m_FxEnabled":true},"in2DMode":false,"pivot":{"x":-0.12553870677947999,"y":0.836529552936554,"z":5.471037864685059},"rotation":{"x":0.13676613569259644,"y":0.6038593053817749,"z":-0.10614487528800965,"w":0.7780636548995972},"size":2.6630475521087648,"orthographic":false}