{"cameraMode":{"drawMode":0,"name":"Shaded","section":"Shading Mode"},"sceneLighting":false,"audioPlay":false,"sceneViewState":{"m_AlwaysRefresh":false,"showFog":true,"showSkybox":false,"showFlares":true,"showImageEffects":true,"showParticleSystems":true,"showVisualEffectGraphs":true,"m_FxEnabled":true},"in2DMode":false,"pivot":{"x":1.0530987977981568,"y":0.4000000059604645,"z":0.9823040962219238},"rotation":{"x":0.17668181657791139,"y":0.6833337545394898,"z":-0.17594008147716523,"w":0.6862131357192993},"size":1.0125141143798829,"orthographic":false}