{"cameraMode":{"drawMode":0,"name":"Shaded","section":"Shading Mode"},"sceneLighting":false,"audioPlay":false,"sceneViewState":{"m_AlwaysRefresh":false,"showFog":false,"showSkybox":false,"showFlares":false,"showImageEffects":false,"showParticleSystems":false,"showVisualEffectGraphs":true,"m_FxEnabled":true},"in2DMode":false,"pivot":{"x":0.17029626667499543,"y":0.6142286658287048,"z":0.001397639513015747},"rotation":{"x":-0.05897846445441246,"y":0.9289259910583496,"z":-0.16903601586818696,"w":-0.32411134243011477},"size":1.1509640216827393,"orthographic":false}