{"cameraMode":{"drawMode":0,"name":"Shaded","section":"Shading Mode"},"sceneLighting":false,"audioPlay":false,"sceneViewState":{"m_AlwaysRefresh":false,"showFog":true,"showSkybox":false,"showFlares":true,"showImageEffects":true,"showParticleSystems":true,"showVisualEffectGraphs":true,"m_FxEnabled":true},"in2DMode":false,"pivot":{"x":3.8293991088867189,"y":7.087058067321777,"z":13.896306991577149},"rotation":{"x":0.07849101722240448,"y":0.5234280228614807,"z":-0.048501111567020419,"w":0.8470653295516968},"size":3.782743453979492,"orthographic":false}