{"cameraMode":{"drawMode":0,"name":"Shaded","section":"Shading Mode"},"sceneLighting":false,"audioPlay":false,"sceneViewState":{"m_AlwaysRefresh":false,"showFog":true,"showSkybox":false,"showFlares":true,"showImageEffects":true,"showParticleSystems":true,"showVisualEffectGraphs":true,"m_FxEnabled":true},"in2DMode":false,"pivot":{"x":1.3718127012252808,"y":1.5106470584869385,"z":1.2570257186889649},"rotation":{"x":0.18592041730880738,"y":-0.07067696750164032,"z":0.013409439474344254,"w":0.9799274802207947},"size":2.01015305519104,"orthographic":false}