{"cameraMode":{"drawMode":0,"name":"Shaded","section":"Shading Mode"},"sceneLighting":false,"audioPlay":false,"sceneViewState":{"m_AlwaysRefresh":false,"showFog":true,"showSkybox":false,"showFlares":true,"showImageEffects":true,"showParticleSystems":true,"showVisualEffectGraphs":true,"m_FxEnabled":true},"in2DMode":false,"pivot":{"x":9.315591812133789,"y":7.437502861022949,"z":13.805227279663086},"rotation":{"x":0.07849101722240448,"y":0.5234280228614807,"z":-0.048501111567020419,"w":0.8470653295516968},"size":3.8801186084747316,"orthographic":false}